{
  "document_count": 1,
  "session_duration": "0:01:06.692267",
  "processing_time": {
    "traditional_ocr": {
      "average": 0.018790721893310547,
      "min": 0.018790721893310547,
      "max": 0.018790721893310547,
      "total": 0.018790721893310547,
      "raw": [
        0.018790721893310547
      ]
    },
    "document_inlining": {
      "average": 7.48696756362915,
      "min": 7.3651182651519775,
      "max": 7.608816862106323,
      "total": 14.9739351272583,
      "raw": [
        7.608816862106323,
        7.3651182651519775
      ]
    }
  },
  "extraction_counts": {
    "traditional_ocr": {
      "average": 0,
      "min": 0,
      "max": 0,
      "raw": []
    },
    "document_inlining": {
      "average": 1.0,
      "min": 1.0,
      "max": 1.0,
      "raw": [
        1,
        1
      ]
    }
  },
  "confidence_scores": {
    "traditional_ocr": {
      "average": 0,
      "min": 0,
      "max": 0,
      "raw": []
    },
    "document_inlining": {
      "average": 0.85,
      "min": 0.85,
      "max": 0.85,
      "raw": [
        0.85,
        0.85
      ]
    }
  },
  "structure_metrics": {
    "section_count": {
      "average": 0,
      "raw": []
    },
    "key_value_pairs": {
      "average": 0,
      "raw": []
    },
    "list_items": {
      "average": 0,
      "raw": []
    }
  },
  "comparative": {
    "processing_time_reduction_pct": 0,
    "manual_review_reduction_pct": 70
  }
}