{
  "document_count": 1,
  "session_duration": "0:00:19.118770",
  "processing_time": {
    "traditional_ocr": {
      "average": 3.9156298637390137,
      "min": 3.9156298637390137,
      "max": 3.9156298637390137,
      "total": 3.9156298637390137,
      "raw": [
        3.9156298637390137
      ]
    },
    "enhanced_ocr": {
      "average": 0,
      "min": 0,
      "max": 0,
      "total": 0,
      "raw": []
    },
    "document_inlining": {
      "average": 3.887937068939209,
      "min": 3.887937068939209,
      "max": 3.887937068939209,
      "total": 3.887937068939209,
      "raw": [
        3.887937068939209
      ]
    }
  },
  "extraction_counts": {
    "traditional_ocr": {
      "average": 1.0,
      "min": 1.0,
      "max": 1.0,
      "raw": [
        1
      ]
    },
    "enhanced_ocr": {
      "average": 0,
      "min": 0,
      "max": 0,
      "raw": []
    },
    "document_inlining": {
      "average": 1.0,
      "min": 1.0,
      "max": 1.0,
      "raw": [
        1
      ]
    }
  },
  "confidence_scores": {
    "traditional_ocr": {
      "average": 0.8530095863556133,
      "min": 0.8530095863556133,
      "max": 0.8530095863556133,
      "raw": [
        0.8530095863556133
      ]
    },
    "enhanced_ocr": {
      "average": 0,
      "min": 0,
      "max": 0,
      "raw": []
    },
    "document_inlining": {
      "average": 0.8530095863556133,
      "min": 0.8530095863556133,
      "max": 0.8530095863556133,
      "raw": [
        0.8530095863556133
      ]
    }
  },
  "structure_metrics": {
    "section_count": {
      "average": 0,
      "raw": []
    },
    "key_value_pairs": {
      "average": 0,
      "raw": []
    },
    "list_items": {
      "average": 0,
      "raw": []
    }
  },
  "comparative": {
    "processing_time_reduction_pct": 0.7072372967694395,
    "confidence_improvement_pct": 0,
    "ocr_to_enhanced_time_reduction_pct": 99,
    "ocr_to_enhanced_confidence_improvement_pct": 0,
    "enhanced_to_inlining_time_reduction_pct": 0,
    "enhanced_to_inlining_confidence_improvement_pct": 0,
    "manual_review_reduction_pct": 70.0
  }
}